{"cameraMode":{"drawMode":0,"name":"Shaded","section":"Shading Mode"},"sceneLighting":false,"audioPlay":false,"sceneViewState":{"m_AlwaysRefresh":false,"showFog":true,"showSkybox":false,"showFlares":true,"showImageEffects":true,"showParticleSystems":true,"showVisualEffectGraphs":true,"m_FxEnabled":true},"in2DMode":false,"pivot":{"x":-0.9966421127319336,"y":-3.3347420692443849,"z":31.871381759643556},"rotation":{"x":-0.28556108474731448,"y":-0.039808232337236407,"z":0.011434212327003479,"w":-0.957539975643158},"size":15.796685218811036,"orthographic":false}